[
    {
        "policyNumber": 1944,
        "policyDate": "2023-03-10",
        "fName": "John",
        "lName": "Smith",
        "stAdd": "12 Main St.",
        "City": "St. John’s",
        "Province": "NL",
        "Postal": "A1A8H4",
        "Phone": "123-123-1234",
        "numCars": 2,
        "extraLiability": "Y",
        "glassCoverage": "N",
        "loanerCarOpt": "Y",
        "paymentType": "Full",
        "downPayAmt": 0.00
    },

    {
        "policyNumber": 1945,
        "policyDate": "2023-03-17",
        "fName": "Mary",
        "lName": "Sullivan",
        "stAdd": "23 Water St.",
        "City": "St. John's",
        "Province": "NL",
        "Postal": "A1J9T5",
        "Phone": "709-746-3772",
        "numCars": 1,
        "extraLiability": "Y",
        "glassCoverage": "N",
        "loanerCarOpt": "N",
        "paymentType": "Monthly",
        "Amount of Down Payment": 0.00
    },

    {
        "policyNumber": 1953,
        "policyDate": "2023-04-04",
        "fName": "Mark",
        "lName": "McDonald",
        "stAdd": "846 Newfoundland Dr.",
        "City": "St. John's",
        "Province": "NL",
        "Postal Code": "A4T9E4",
        "Phone Number": "709-374-9428",
        "Number of Cars Insured": 2,
        "extraLiability": "Y",
        "glassCoverage": "N",
        "loanerCarOpt": "Y",
        "paymentType": "Full",
        "downPayAmt": 0.00
    },

    {
        "policyNumber": 1965,
        "policyDate": "2023-04-28",
        "fName": "Steve",
        "lName": "Smith",
        "stAdd": "84 Topsail Rd.",
        "City": "St. John's",
        "Province": "NL",
        "Postal Code": "A1A8Y9",
        "Phone Number": "709-855-9988",
        "Number of Cars Insured": 3,
        "extraLiability": "Y",
        "glassCoverage": "Y",
        "loanerCarOpt": "Y",
        "paymentType": "Down Pay",
        "downPayAmt": 700.00
    },

    {
        "policyNumber": 1973,
        "policyDate": "2023-05-17",
        "fName": "Jennifer",
        "lName": "Turner",
        "stAdd": "3 Apex St.",
        "City": "Mt. Pearl",
        "Province": "NL",
        "Postal Code": "A6Y4T3",
        "Phone Number": "709-224-0473",
        "Number of Cars Insured": 2,
        "extraLiability": "Y",
        "glassCoverage": "Y",
        "loanerCarOpt": "N",
        "paymentType": "Monthly",
        "downPayAmt": 0.00
    },

    {
        "policyNumber": 1995,
        "policyDate": "2023-07-03",
        "fName": "Mike",
        "lName": "Rovers",
        "stAdd": "14 Water St.",
        "City": "Carbonear",
        "Province": "NL",
        "Postal Code": "A8N5T2",
        "Phone Number": "709-725-4631",
        "Number of Cars Insured": 1,
        "extraLiability": "Y",
        "glassCoverage": "Y",
        "loanerCarOpt": "Y",
        "paymentType": "Full",
        "downPayAmt": 0.00
    },

    {
        "policyNumber": 2004,
        "policyDate": "2023-08-19",
        "fName": "Annie",
        "lName": "Kavanaugh",
        "stAdd": "38 Airport Rd.",
        "City": "St. John's",
        "Province": "NL",
        "Postal Code": "A9U6B6",
        "Phone Number": "709-944-4747",
        "Number of Cars Insured": 1,
        "extraLiability": "N",
        "glassCoverage": "Y",
        "loanerCarOpt": "N",
        "paymentType": "Monthly",
        "downPayAmt": 0.00
    },

    {
        "policyNumber": 2016,
        "policyDate": "2023-09-02",
        "fName": "Robert",
        "lName": "Decker",
        "stAdd": "127 Elm St.",
        "City": "St. John's",
        "Province": "NL",
        "Postal Code": "A8M6R4",
        "Phone Number": "709-922-2223",
        "Number of Cars Insured": 2,
        "extraLiability": "Y",
        "glassCoverage": "Y",
        "loanerCarOpt": "Y",
        "paymentType": "Down Pay",
        "downPayAmt": 500.00
    },

    {
        "policyNumber": 2021,
        "policyDate": "2023-11-09",
        "fName": "Nathalie",
        "lName": "Au",
        "stAdd": "1432 Topsail Rd.",
        "City": "St. John's",
        "Province": "NL",
        "Postal Code": "A3H8T4",
        "Phone Number": "709-128-2183",
        "Number of Cars Insured": 1,
        "extraLiability": "Y",
        "glassCoverage": "N",
        "loanerCarOpt": "Y",
        "paymentType": "Full",
        "downPayAmt": 0.00
    },

    {
        "policyNumber": 2028,
        "policyDate": "2023-11-30",
        "fName": "Fred",
        "lName": "Wilson",
        "stAdd": "37 Argyle St.",
        "City": "St. John's",
        "Province": "NL",
        "Postal Code": "A2E8Y6",
        "Phone Number": "709-754-3346",
        "Number of Cars Insured": 2,
        "extraLiability": "N",
        "glassCoverage": "N",
        "loanerCarOpt": "N",
        "paymentType": "Full",
        "downPayAmt": 0.00
    }
]